1_авто(0)_руч(1)@Включения,KONTAR Ethernet,XRAM_BOOL,1#0160,,
1_Руч_Об_Ф1@Включения,KONTAR Ethernet,XRAM_BOOL,1#0161,,
1_Руч_Пр_Ф1@Включения,KONTAR Ethernet,XRAM_BOOL,1#0162,,
1_сбросПромФ1@Включения,KONTAR Ethernet,XRAM_BOOL,1#0163,,
1_Руч_Об_Ф2@Включения,KONTAR Ethernet,XRAM_BOOL,1#0164,,
1_Руч_Пр_Ф2@Включения,KONTAR Ethernet,XRAM_BOOL,1#0165,,
1_сбросПромФ2@Включения,KONTAR Ethernet,XRAM_BOOL,1#0166,,
1_Руч_Об_Ф3@Включения,KONTAR Ethernet,XRAM_BOOL,1#0167,,
1_Руч_Пр_Ф3@Включения,KONTAR Ethernet,XRAM_BOOL,1#0168,,
1_сбросПромФ3@Включения,KONTAR Ethernet,XRAM_BOOL,1#0169,,
1_Руч_Об_Ф4@Включения,KONTAR Ethernet,XRAM_BOOL,1#016A,,
1_Руч_Пр_Ф4@Включения,KONTAR Ethernet,XRAM_BOOL,1#016B,,
1_сбросПромФ4@Включения,KONTAR Ethernet,XRAM_BOOL,1#016C,,
1_Руч_Фильтр@Включения,KONTAR Ethernet,XRAM_BOOL,1#016D,,
1_Ремонт_РЧВ1@Включения,KONTAR Ethernet,XRAM_BOOL,1#0170,,
1_Ремонт_РЧВ2@Включения,KONTAR Ethernet,XRAM_BOOL,1#0171,,
1_СбросНЦ5@Включения,KONTAR Ethernet,XRAM_BOOL,1#0172,,
1_СбросНЦ6@Включения,KONTAR Ethernet,XRAM_BOOL,1#0173,,
1_ВклНЦ1@Включения,KONTAR Ethernet,XRAM_BOOL,1#0C3B,,
1_ВклНЦ2@Включения,KONTAR Ethernet,XRAM_BOOL,1#0C3C,,
1_ВклНЦ5@Включения,KONTAR Ethernet,XRAM_BOOL,1#0C3D,,
1_ВклНЦ6@Включения,KONTAR Ethernet,XRAM_BOOL,1#0C3E,,
1_ПускНЦ1_Руч@Включения,KONTAR Ethernet,XRAM_BOOL,1#0174,,
1_ПускНЦ2_Руч@Включения,KONTAR Ethernet,XRAM_BOOL,1#0175,,
1_ПускНЦ5_Руч@Включения,KONTAR Ethernet,XRAM_BOOL,1#0176,,
1_ПускНЦ6_Руч@Включения,KONTAR Ethernet,XRAM_BOOL,1#0177,,
1_СбросНЦ1@Включения,KONTAR Ethernet,XRAM_BOOL,1#0178,,
1_РемонтНЦ1@Включения,KONTAR Ethernet,XRAM_BOOL,1#0179,,
1_РемонтНЦ2@Включения,KONTAR Ethernet,XRAM_BOOL,1#017A,,
1_РучВклК14@Включения,KONTAR Ethernet,XRAM_BOOL,1#017B,,
1_Прям_Пром_Ф1@Режимы,KONTAR Ethernet,XRAM_BOOL,1#0C30,,
1_Обр_Пром_Ф1@Режимы,KONTAR Ethernet,XRAM_BOOL,1#0C31,,
1_Прям_Пром_Ф2@Режимы,KONTAR Ethernet,XRAM_BOOL,1#0C32,,
1_Обр_Пром_Ф2@Режимы,KONTAR Ethernet,XRAM_BOOL,1#0C33,,
1_Прям_Пром_Ф3@Режимы,KONTAR Ethernet,XRAM_BOOL,1#0C34,,
1_Обр_пром_Ф3@Режимы,KONTAR Ethernet,XRAM_BOOL,1#0C35,,
1_Прям_Пром_Ф4@Режимы,KONTAR Ethernet,XRAM_BOOL,1#0C36,,
1_Обр_пром_Ф4@Режимы,KONTAR Ethernet,XRAM_BOOL,1#0C37,,
1_Фильтрация@Режимы,KONTAR Ethernet,XRAM_BOOL,1#0C38,,
1_Дата@Дата,KONTAR Ethernet,XRAM,1#0C51,,
1_Время@Дата,KONTAR Ethernet,XRAM,1#0C4F,,
1_количество_записей@архив,KONTAR Ethernet,XRAM,1#0DE6,,
1_ПускАрхив@архив,KONTAR Ethernet,XRAM_BOOL,1#016E,,
1_Сброс Архив@архив,KONTAR Ethernet,XRAM_BOOL,1#016F,,
1_Уст пром ф1@Промывка,KONTAR Ethernet,XRAM_FLOT,1#019C,,
1_Уст пром  Прям ф1@Промывка,KONTAR Ethernet,XRAM,1#017C,,
1_Уст пром  Об ф1@Промывка,KONTAR Ethernet,XRAM,1#017E,,
1_Уст пром ф2@Промывка,KONTAR Ethernet,XRAM_FLOT,1#01A0,,
1_Уст пром  Прям ф2@Промывка,KONTAR Ethernet,XRAM,1#0180,,
1_Уст пром  Об ф2@Промывка,KONTAR Ethernet,XRAM,1#0182,,
1_Уст пром ф3@Промывка,KONTAR Ethernet,XRAM_FLOT,1#01A4,,
1_Уст пром  Прям ф3@Промывка,KONTAR Ethernet,XRAM,1#0184,,
1_Уст пром  Об ф3@Промывка,KONTAR Ethernet,XRAM,1#0186,,
1_Уст пром ф4@Промывка,KONTAR Ethernet,XRAM_FLOT,1#01A8,,
1_Уст пром  Прям ф4@Промывка,KONTAR Ethernet,XRAM,1#0188,,
1_Уст пром  Об ф4@Промывка,KONTAR Ethernet,XRAM,1#018A,,
1_Врем_Умнож пром Ф1@Пусконаладка,KONTAR Ethernet,XRAM_FLOT,1#01EC,,
1_Врем_Умнож пром Ф2@Пусконаладка,KONTAR Ethernet,XRAM_FLOT,1#01F0,,
1_Врем_Умнож пром Ф3@Пусконаладка,KONTAR Ethernet,XRAM_FLOT,1#01F4,,
1_Врем_Умнож пром Ф4@Пусконаладка,KONTAR Ethernet,XRAM_FLOT,1#01F8,,
1_Верхпред ДД_РЧВ1@Пусконаладка,KONTAR Ethernet,XRAM_FLOT,1#01AC,,
1_Верхпред ДД_РЧВ2@Пусконаладка,KONTAR Ethernet,XRAM_FLOT,1#01B0,,
1_Верхпред ДД_Пром@Пусконаладка,KONTAR Ethernet,XRAM_FLOT,1#01B4,,
1_Верхпред ДД_Перек@Пусконаладка,KONTAR Ethernet,XRAM_FLOT,1#01B8,,
1_ДД_РЧВ1@Показания,KONTAR Ethernet,XRAM_FLOT,1#0C3F,,
1_ДД_РЧВ2@Показания,KONTAR Ethernet,XRAM_FLOT,1#0C43,,
1_ДД_Пром@Показания,KONTAR Ethernet,XRAM_FLOT,1#0C47,,
1_ДД_Перек@Показания,KONTAR Ethernet,XRAM_FLOT,1#0C4B,,
1_СР РПВ@Показания,KONTAR Ethernet,XRAM_BOOL,1#0C56,,
1_ВУ РПВ@Показания,KONTAR Ethernet,XRAM_BOOL,1#0C55,,
1_НУ БР@Показания,KONTAR Ethernet,XRAM_BOOL,1#0E62,,
1_НУ РПВ@Показания,KONTAR Ethernet,XRAM_BOOL,1#0C57,,
1_ВУ БР@Показания,KONTAR Ethernet,XRAM_BOOL,1#0E64,,
1_ОбрСвяФ1Авар@Настройка,KONTAR Ethernet,XRAM_FLOT,1#018C,,
1_ОбрСвяФ2Авар@Настройка,KONTAR Ethernet,XRAM_FLOT,1#0190,,
1_ОбрСвяФ3Авар@Настройка,KONTAR Ethernet,XRAM_FLOT,1#0194,,
1_ОбрСвяФ4Авар@Настройка,KONTAR Ethernet,XRAM_FLOT,1#0198,,
1_Ур_Сраб_РЧВ1@Настройка,KONTAR Ethernet,XRAM_FLOT,1#01BC,,
1_гист_РЧВ1@Настройка,KONTAR Ethernet,XRAM_FLOT,1#01C0,,
1_Ур_Сраб_РЧВ2@Настройка,KONTAR Ethernet,XRAM_FLOT,1#01C4,,
1_гист_РЧВ2@Настройка,KONTAR Ethernet,XRAM_FLOT,1#01C8,,
1_ДлитРабНЦ1@Настройка,KONTAR Ethernet,XRAM_FLOT,1#01CC,,
1_ОбрСВНЦ1@Настройка,KONTAR Ethernet,XRAM_FLOT,1#01D0,,
1_ОбрСВНЦ5@Настройка,KONTAR Ethernet,XRAM_FLOT,1#01D4,,
1_ОбрСВНЦ6@Настройка,KONTAR Ethernet,XRAM_FLOT,1#01D8,,
1_УрНЦ1@Настройка,KONTAR Ethernet,XRAM_FLOT,1#01DC,,
1_ГистНЦ1@Настройка,KONTAR Ethernet,XRAM_FLOT,1#01E0,,
1_УрНЦ5@Настройка,KONTAR Ethernet,XRAM_FLOT,1#01E4,,
1_ГистНЦ5@Настройка,KONTAR Ethernet,XRAM_FLOT,1#01E8,,
1_АварияФ1@Авария,KONTAR Ethernet,XRAM_BOOL,1#0C2C,,
1_АварияФ2@Авария,KONTAR Ethernet,XRAM_BOOL,1#0C2D,,
1_АварияФ3@Авария,KONTAR Ethernet,XRAM_BOOL,1#0C2E,,
1_АварияФ4@Авария,KONTAR Ethernet,XRAM_BOOL,1#0C2F,,
1_АварНЦ1@Авария,KONTAR Ethernet,XRAM_BOOL,1#0C53,,
1_АварНЦ2@Авария,KONTAR Ethernet,XRAM_BOOL,1#0C54,,
1_АварияНц5@Авария,KONTAR Ethernet,XRAM_BOOL,1#0C39,,
1_АварияНЦ6@Авария,KONTAR Ethernet,XRAM_BOOL,1#0C3A,,
1_ОткрК8@Задвижки,KONTAR Ethernet,XRAM_BOOL,1#0E3A,,
1_ОткрК9@Задвижки,KONTAR Ethernet,XRAM_BOOL,1#0E3B,,
1_ЗакрК1@Задвижки,KONTAR Ethernet,XRAM_BOOL,1#0C13,,
1_ЗакрК3@Задвижки,KONTAR Ethernet,XRAM_BOOL,1#0C5F,,
1_ЗакрК2@Задвижки,KONTAR Ethernet,XRAM_BOOL,1#0C5D,,
1_ОткрК10@Задвижки,KONTAR Ethernet,XRAM_BOOL,1#0E45,,
1_ЗакрК4@Задвижки,KONTAR Ethernet,XRAM_BOOL,1#0D8B,,
1_ОткрК11@Задвижки,KONTAR Ethernet,XRAM_BOOL,1#0E4E,,
1_ЗакрК6@Задвижки,KONTAR Ethernet,XRAM_BOOL,1#0E51,,
1_ОткрК1@Задвижки,KONTAR Ethernet,XRAM_BOOL,1#0C12,,
1_ОткрК3@Задвижки,KONTAR Ethernet,XRAM_BOOL,1#0C5E,,
1_ОткрК5@Задвижки,KONTAR Ethernet,XRAM_BOOL,1#0D8C,,
1_ОткрК7@Задвижки,KONTAR Ethernet,XRAM_BOOL,1#0E57,,
1_ЗакрК5@Задвижки,KONTAR Ethernet,XRAM_BOOL,1#0D8D,,
1_ОткрК2@Задвижки,KONTAR Ethernet,XRAM_BOOL,1#0C5C,,
1_ЗакрК7@Задвижки,KONTAR Ethernet,XRAM_BOOL,1#0E58,,
1_ОткрК4@Задвижки,KONTAR Ethernet,XRAM_BOOL,1#0D8A,,
1_ОткрК6@Задвижки,KONTAR Ethernet,XRAM_BOOL,1#0E59,,
1_ЗакрК8@Задвижки,KONTAR Ethernet,XRAM_BOOL,1#0E5A,,
1_ЗакрК9@Задвижки,KONTAR Ethernet,XRAM_BOOL,1#0E5B,,
1_ЗакрК10@Задвижки,KONTAR Ethernet,XRAM_BOOL,1#0E5C,,
1_ОткрК12@Задвижки,KONTAR Ethernet,XRAM_BOOL,1#0E5D,,
1_ЗакрК11@Задвижки,KONTAR Ethernet,XRAM_BOOL,1#0E5E,,
1_ОткрК13@Задвижки,KONTAR Ethernet,XRAM_BOOL,1#0E5F,,
1_ЗакрК13@Задвижки,KONTAR Ethernet,XRAM_BOOL,1#0E60,,
1_ЗакрК12@Задвижки,KONTAR Ethernet,XRAM_BOOL,1#0E61,,
1_ОткК14@Задвижки,KONTAR Ethernet,XRAM_BOOL,1#0E65,,
1_ЗакрК14@Задвижки,KONTAR Ethernet,XRAM_BOOL,1#0E66,,
1_АварНЦ1@Alarms,KONTAR Ethernet,XRAM_BOOL,1#0C53,,
1_АварНЦ2@Alarms,KONTAR Ethernet,XRAM_BOOL,1#0C54,,
